{
   "id":"SL-PB",
   "matrix":{
      "x":5,
      "y":3
   },
   "linesApiData":[
      [
         1,
         1,
         1,
         1,
         1
      ],
      [
         0,
         0,
         0,
         0,
         0
      ],
      [
         2,
         2,
         2,
         2,
         2
      ],
      [
         0,
         1,
         2,
         1,
         0
      ],
      [
         2,
         1,
         0,
         1,
         2
      ],
      [
         1,
         0,
         0,
         0,
         1
      ],
      [
         1,
         2,
         2,
         2,
         1
      ],
      [
         0,
         0,
         1,
         2,
         2
      ],
      [
         2,
         2,
         1,
         0,
         0
      ],
      [
         1,
         2,
         1,
         0,
         1
      ],
      [
         1,
         0,
         1,
         2,
         1
      ],
      [
         0,
         1,
         1,
         1,
         0
      ],
      [
         2,
         1,
         1,
         1,
         2
      ],
      [
         0,
         1,
         0,
         1,
         0
      ],
      [
         2,
         1,
         2,
         1,
         2
      ],
      [
         1,
         1,
         0,
         1,
         1
      ],
      [
         1,
         1,
         2,
         1,
         1
      ],
      [
         0,
         0,
         2,
         0,
         0
      ],
      [
         2,
         2,
         0,
         2,
         2
      ],
      [
         0,
         2,
         2,
         2,
         0
      ]
   ],
   "numberofcoinsforbonus":4,
   "bonusSymbolCount":6,
   "coinsvalueDuringFreeSpins":[
      2,
      3,
      4,
      5,
      6,
      7,
      8,
      10,
      15,
      20,
      24,
      30,
      40,
      50,
      80,
      100
   ],
   "coinsvalueDuringFreeSpinsProb":[
      0.45,
      0.20,
      0.10,
      0.08,
      0.06,
      0.04,
      0.02,
      0.01,
      0.008,
      0.007,
      0.006,
      0.005,
      0.004,
      0.003,
      0.002,
      0.001
   ],
   "coinsvalue":[
      1,
      2,
      3,
      4,
      5,
      6,
      7,
      8,
      10,
      15,
      18,
      20,
      24,
      30,
      35,
      40,
      50,
      100
   ],
   "coinsvalueProb":[
      0.45,
      0.25,
      0.05,
      0.02,
      0.001,
      0.0005,
      0.00006,
      0.00004,
      0.00001,
      0.000001,
      0.0000008,
      0.00000007,
      0.00000003,
      0.00000001,
      0.0000000001,
      0.000000000005
   ],
   "majorSymbols":[
      4,
      5,
      6,
      7,
      8,
      9,
      10,
      11,
      12,
      13,
      14,
      15,
      16,
      17
   ],
   "majorSymbolsProb":[
      0.27,
      0.22,
      0.22,
      0.22,
      0.05,
      0.04,
      0.02,
      0.01,
      0.008,
      0.007,
      0.006,
      0.005,
      0.004,
      0.003,
      0.002,
      0.001
   ],
   "bonus":{
      "isEnabled":true,
      "awardedCount":3,
      "incrementCount":3,
      "thunderIncrementCount":3
   },
   "pollyAdjacentColumn":[
      0,
      1,
      2
   ],
   "pollyAdjacentColumnProb":[
      0.05,
      0.10,
      0.85
   ],
   "pollyAdjacentSymbol":[
      0,
      1,
      2,
      3,
      4,
      5,
      6,
      7
   ],
   "pollyAdjacentSymbolProb":[
      0.20,
      0.20,
      0.20,
      0.20,
      0.05,
      0.05,
      0.05,
      0.05
   ],
   "tommyColossalSymbol":[
      0,
      1,
      2,
      3,
      4,
      5,
      6,
      7
   ],
   "tommyColossalSymbolProb":[
      0.20,
      0.20,
      0.20,
      0.20,
      0.05,
      0.05,
      0.05,
      0.05
   ],
   "tommyAdjacentColumn":[
      0,
      1,
      2
   ],
   "tommyyAdjacentColumnProb":[
      0.05,
      0.15,
      0.80
   ],
   "miniMultiplier":10,
   "majorMultiplier":25,
   "megaMultiplier":50,
   "grandMultiplier":100,
   "colossalMergeProbability":60,
   "bets":[
      0.0005,
      0.0025,
      0.005,
      0.0125,
      0.025,
      0.0375,
      0.05,
      0.0625,
      0.1,
      0.15,
      0.25,
      0.5,
      0.75,
      1,
      1.5,
      2
   ],
   "Symbols":[
      {
         "Name":"0",
         "Id":0,
         "reelInstance":{
            "0":14,
            "1":14,
            "2":14,
            "3":14,
            "4":14
         },
         "isArthurSymbol":false,
         "useWildSub":true,
         "isBonusSymbol":false,
         "isSpecialSymbol":false,
         "multiplier":[
            [
               40,
               0
            ],
            [
               20,
               0
            ],
            [
               6,
               0
            ]
         ]
      },
      {
         "Name":"1",
         "Id":1,
         "reelInstance":{
            "0":14,
            "1":14,
            "2":14,
            "3":14,
            "4":14
         },
         "isArthurSymbol":false,
         "useWildSub":true,
         "isBonusSymbol":false,
         "isSpecialSymbol":false,
         "multiplier":[
            [
               40,
               0
            ],
            [
               20,
               0
            ],
            [
               6,
               0
            ]
         ]
      },
      {
         "Name":"2",
         "Id":2,
         "reelInstance":{
            "0":14,
            "1":14,
            "2":14,
            "3":14,
            "4":14
         },
         "isArthurSymbol":false,
         "useWildSub":true,
         "isBonusSymbol":false,
         "isSpecialSymbol":false,
         "multiplier":[
            [
               40,
               0
            ],
            [
               20,
               0
            ],
            [
               6,
               0
            ]
         ]
      },
      {
         "Name":"3",
         "Id":3,
         "reelInstance":{
            "0":14,
            "1":14,
            "2":14,
            "3":14,
            "4":14
         },
         "isArthurSymbol":false,
         "useWildSub":true,
         "isBonusSymbol":false,
         "isSpecialSymbol":false,
         "multiplier":[
            [
               40,
               0
            ],
            [
               20,
               0
            ],
            [
               6,
               0
            ]
         ]
      },
      {
         "Name":"4",
         "Id":4,
         "reelInstance":{
            "0":7,
            "1":7,
            "2":7,
            "3":7,
            "4":7
         },
         "isArthurSymbol":true,
         "useWildSub":true,
         "isBonusSymbol":false,
         "isSpecialSymbol":false,
         "multiplier":[
            [
               75,
               0
            ],
            [
               30,
               0
            ],
            [
               10,
               0
            ]
         ]
      },
      {
         "Name":"5",
         "Id":5,
         "reelInstance":{
            "0":7,
            "1":7,
            "2":7,
            "3":7,
            "4":7
         },
         "isArthurSymbol":true,
         "useWildSub":true,
         "isBonusSymbol":false,
         "isSpecialSymbol":false,
         "multiplier":[
            [
               75,
               0
            ],
            [
               30,
               0
            ],
            [
               10,
               0
            ]
         ]
      },
      {
         "Name":"6",
         "Id":6,
         "reelInstance":{
            "0":7,
            "1":7,
            "2":7,
            "3":7,
            "4":7
         },
         "isArthurSymbol":true,
         "useWildSub":true,
         "isBonusSymbol":false,
         "isSpecialSymbol":false,