{
   "id":"SL-WOF",
   "isSpecial":true,
   "matrix":{
      "x":3,
      "y":3
   },
   "bonus":{
      "type":"spin",
      "isEnabled":true,
      "noOfItem":8,
      "payOut":[
         1000,
         100,
         70,
         50,
         30,
         20,
         10,
         5,
         200,
         100,
         70,
         50,
         30,
         20,
         10,
         0,
         200,
         100,
         70,
         50,
         30,
         20,
         10,
         0
      ],
      "payOutProb":[
         0.000168,
         0.16843,
         0.33685,
         1.01056,
         3.36853,
         6.73707,
         8.42134,
         13.28887,
         0.00168,
         0.16843,
         0.33685,
         1.01056,
         3.36853,
         6.73707,
         8.42134,
         13.28887,
         0.00168,
         0.16843,
         0.33685,
         1.01056,
         3.36853,
         6.73707,
         8.42134,
         13.28887
      ]
   },
   "linesApiData":[
      [
         0,
         0,
         0
      ],
      [
         1,
         1,
         1
      ],
      [
         2,
         2,
         2
      ]
   ],
   "linesCount":[
      3
   ],
   "bets":[
      0.1,
      0.2,
      0.25,
      0.5,
      0.75,
      1,
      1.25,
      1.5,
      1,
      1.75,
      2,
      2.5,
      3,
      4,
      5
   ],
   "Symbols":[
      {
         "Name":"Blank",
         "Id":0,
         "payout":0,
         "mixedPayout":0,
         "isSpecialWof":false,
         "canmatch":[
            
         ],
         "reelInstance":{
            "0":60,
            "1":60,
            "2":60
         }
      },
      {
         "Name":"777",
         "Id":1,
         "payout":200,
         "mixedPayout":12,
         "isSpecialWof":false,
         "canmatch":[
            "1",
            "2",
            "3",
            "6",
            "7",
            "8",
            "11"
         ],
         "reelInstance":{
            "0":4,
            "1":4,
            "2":4
         }
      },
      {
         "Name":"77",
         "Id":2,
         "payout":100,
         "mixedPayout":12,
         "isSpecialWof":false,
         "canmatch":[
            "1",
            "2",
            "3",
            "6",
            "7",
            "8",
            "11"
         ],
         "reelInstance":{
            "0":8,
            "1":8,
            "2":8
         }
      },
      {
         "Name":"7",
         "Id":3,
         "payout":50,
         "mixedPayout":12,
         "isSpecialWof":false,
         "canmatch":[
            "1",
            "2",
            "3",
            "6",
            "7",
            "8",
            "11"
         ],
         "reelInstance":{
            "0":12,
            "1":12,
            "2":12
         }
      },
      {
         "Name":"5_bar",
         "Id":4,
         "payout":40,
         "mixedPayout":8,
         "isSpecialWof":false,
         "canmatch":[
            "4",
            "5",
            "9",
            "10"
         ],
         "reelInstance":{
            "0":15,
            "1":15,
            "2":15
         }
      },
      {
         "Name":"bar",
         "Id":5,
         "payout":30,
         "mixedPayout":8,
         "isSpecialWof":false,
         "canmatch":[
            "4",
            "5",
            "9",
            "10"
         ],
         "reelInstance":{
            "0":20,
            "1":20,
            "2":20
         }
      },
      {
         "Name":"777T",
         "Id":6,
         "payout":200,
         "mixedPayout":12,
         "isSpecialWof":true,
         "canmatch":[
            "1",
            "2",
            "3",
            "6",
            "7",
            "8",
            "11"
         ],
         "reelInstance":{
            "0":1,
            "1":1,
            "2":1
         }
      },
      {
         "Name":"77T",
         "Id":7,
         "payout":100,
         "mixedPayout":12,
         "isSpecialWof":true,
         "canmatch":[
            "1",
            "2",
            "3",
            "6",
            "7",
            "8",
            "11"
         ],
         "reelInstance":{
            "0":2,
            "1":2,
            "2":2
         }
      },
      {
         "Name":"7T",
         "Id":8,
         "payout":50,
         "mixedPayout":12,
         "isSpecialWof":true,
         "canmatch":[
            "1",
            "2",
            "3",
            "6",
            "7",
            "8",
            "11"
         ],
         "reelInstance":{
            "0":2,
            "1":2,
            "2":2
         }
      },
      {
         "Name":"5_barT",
         "Id":9,
         "payout":40,
         "mixedPayout":8,
         "isSpecialWof":true,
         "canmatch":[
            "4",
            "5",
            "9",
            "10"
         ],
         "reelInstance":{
            "0":4,
            "1":4,
            "2":4
         }
      },
      {
         "Name":"barT",
         "Id":10,
         "payout":30,
         "mixedPayout":8,
         "isSpecialWof":true,
         "canmatch":[
            "4",
            "5",
            "9",
            "10"
         ],
         "reelInstance":{
            "0":5,
            "1":5,
            "2":5
         }
      },
      {
         "Name":"WOF777",
         "Id":11,
         "payout":1000,
         "mixedPayout":0,
         "isSpecialWof":true,
         "canmatch":[
            "1",
            "2",
            "3",
            "6",
            "7",
            "8",
            "11"
         ],
         "reelInstance":{
            "0":1,
            "1":1,
            "2":1
         }
      },
      {
         "Name":"Bonus",
         "Id":12,
         "payout":0,
         "mixedPayout":0,
         "symbolsCount":2,
         "canmatch":[
            
         ],
         "reelInstance":{
            "0":4,
            "1":4,
            "2":4
         }
      },
      {
         "Name":"default",
         "Id":13,
         "payout":10,
         "mixedPayout":0,
         "canmatch":[
            
         ],
         "description":"All symbols except the Wheel of Frotune, and GOLD SPIN ones may appear with a Triple Sub-Symbol. When forming part of a win, the prize is multiplied by 3x, 9x, or 27x, depending on whether there were 1, 2, or 3 Triple Sub-Symbols respectively.",
         "reelInstance":{
            "0":0,
            "1":0,
            "2":0,
            "3":0
         }
      }
   ],
   "defaultPayout":3
}
